Accuracy,Precision,FAR,FRR,EER
0.9920915712799168,0.9903820767056739,0.0011458963293395777,0.010590847217385785,0.005868371773362682
