Accuracy,Precision,FAR,FRR,EER
0.9831425598335067,0.9787945079247877,0.0024130532514640727,0.018856518842307744,0.010634786046885909
